GroupId,GroupSize,Priority,QueueTime,RidingTime,TotalTime,NumberRides
10,7,NORMAL,0.0,0.0,14.70961815251325,0
8,2,NORMAL,2.3867749561711538,5.857882233037557,20.06530710533126,3
0,7,PRIORITY,4.129839669617863,13.504033586943539,20.14672019914708,5
2,5,NORMAL,2.1760263403998046,15.84261927117716,22.26821074312133,5
11,4,PRIORITY,2.752470098438227,9.922462862414523,25.397809206834335,4
24,2,NORMAL,1.1232085711611575,2.9947853034803558,36.879960313990125,1
27,1,PRIORITY,1.4735945942968058,9.36203612916266,45.85157145962788,4
32,4,PRIORITY,1.4417219467595643,3.0824917268857774,45.94539799296678,1
48,4,NORMAL,0.0,0.0,53.515067714449096,0
15,2,PRIORITY,13.788043873100975,20.308864933116762,57.277526808940024,8
53,5,PRIORITY,0.0,0.0,65.01994545062705,0
51,9,NORMAL,2.5790636894171968,3.0276044670155358,65.86863265380796,1
22,1,NORMAL,12.261026007954616,24.204004181643946,66.17471066861296,10
55,5,NORMAL,1.3958030777378383,2.020885400250961,67.74877204119765,1
39,6,NORMAL,9.442848487994809,13.913260047516445,69.36385996042131,5
20,4,PRIORITY,9.826549287400681,29.014053035999673,69.63483658709451,12
30,5,NORMAL,8.845569219446212,18.68554232394581,69.63483658709451,8
65,5,NORMAL,0.0,0.0,74.94300213291324,0
56,7,NORMAL,2.133164516561507,2.0179036788260163,85.94382216187502,1
61,1,PRIORITY,1.6771599056557989,1.5534563814538842,86.5196460228518,1
62,2,NORMAL,7.731327935846892,8.98154739615579,88.91493118541209,4
6,8,NORMAL,32.41863450732099,44.90721182613969,90.62619347097338,12
63,8,NORMAL,4.275764982653229,13.662085171165927,91.72903229300026,4
57,5,NORMAL,8.797564263390399,11.038343891286445,91.93634542484727,5
79,1,NORMAL,0.0,0.0,95.35191139108366,0
14,1,NORMAL,24.326758101759932,42.30804822398724,97.4048284479686,13
47,5,PRIORITY,15.239333988645939,25.405601144258696,97.4640129770929,7
68,6,NORMAL,11.097754150712362,8.957516328179054,98.46591484697508,3
64,8,PRIORITY,6.757976816492359,10.55636848744767,98.47474975780469,5
72,4,PRIORITY,6.347197672126654,9.062412498082224,103.61905823737469,2
95,2,PRIORITY,0.0,0.0,107.44732115984884,0
91,7,PRIORITY,2.1979391567354014,5.055640130329721,112.25144785552018,2
5,3,NORMAL,42.82513504284641,59.50232305028585,113.38249685253733,20
78,1,NORMAL,8.024803405739036,11.952510914510356,113.38249685253733,5
80,6,NORMAL,8.53536586063278,9.215890131991301,116.70272169984203,4
36,1,PRIORITY,14.304857699845982,23.99417936289413,119.70553892804699,8
50,7,NORMAL,27.09848583677914,37.39073726133944,122.43840430548471,10
38,7,NORMAL,33.32480642752813,44.16537068838504,122.68085450700221,16
89,1,NORMAL,9.970850111783179,11.416058502120919,125.86274815195499,5
67,1,NORMAL,23.05440301778971,27.88622997579455,125.86274815195499,9
106,1,NORMAL,1.8430603210451721,6.206478868241646,127.00921608241401,2
29,2,NORMAL,28.624153300836433,35.82000496812165,127.81236345025954,13
115,4,NORMAL,0.0,0.0,129.0324043974484,0
98,5,PRIORITY,9.097149384555863,13.154519102142444,130.58564116241806,4
108,5,PRIORITY,1.087230445714141,3.344613700567095,132.17891549434594,1
114,8,NORMAL,0.0,0.0,134.7754226425814,0
18,4,NORMAL,16.874425622317233,18.130327413850633,138.7936887818236,6
129,6,NORMAL,0.0,0.0,141.3441015799328,0
134,4,NORMAL,0.0,0.0,142.51312209165312,0
113,4,NORMAL,5.995873878949553,10.674322378437182,143.50139493369693,3
119,6,NORMAL,5.866872020702232,8.115170048370572,145.07965524840756,3
35,1,NORMAL,26.363023143530036,47.0341659812416,145.90869566740548,16
131,8,NORMAL,2.8581508190472107,5.828638884624752,151.10778061599032,2
140,8,NORMAL,1.8639987129928954,2.4629394286139643,154.79015157306242,1
105,3,NORMAL,3.3890320527574147,2.02557987325153,159.5958827829216,1
81,1,NORMAL,20.4711710019765,27.299143199016896,160.47363590881065,8
3,8,PRIORITY,19.993162787905845,28.09770724601006,162.67087427199525,10
83,4,NORMAL,27.306985952721263,39.568466438012436,163.74916177806546,11
144,1,PRIORITY,3.810469538489656,8.309051353162658,164.55962944792702,4
111,9,PRIORITY,12.720729588778,22.68047029533446,165.36901147857859,9
127,3,PRIORITY,10.56720699220736,19.39363999496848,168.3282477500062,6
28,7,NORMAL,54.25429485437255,69.31544445516326,169.38932935671988,24
93,8,NORMAL,25.702444476817334,25.78291627731309,170.779867450978,9
156,2,NORMAL,3.972828946720796,4.496984639203646,171.37463153533085,1
74,5,NORMAL,36.754447922663815,47.04898669968776,174.38726549907125,15
107,3,NORMAL,24.629796659219366,29.011557354830032,174.446540110884,11
85,8,NORMAL,31.38616997314753,40.495899603234605,174.49645367977178,11
21,5,PRIORITY,25.04361771385741,46.3107719460087,174.91851858527934,14
94,2,NORMAL,24.82576886369057,44.44676826961651,175.32015053396748,14
162,8,NORMAL,0.0,0.0,176.13064147284615,0
102,2,NORMAL,12.783020949659075,15.882346259375254,177.2899336647674,6
99,8,NORMAL,36.42578775728806,26.730643897890417,177.2899336647674,11
164,3,NORMAL,2.939338043145,2.723612819902428,177.93166228045456,1
153,8,PRIORITY,5.138214138671657,9.479483442371446,179.9849599843322,3
169,1,NORMAL,1.4414599660337046,3.4614157678845174,181.2362196431677,2
90,1,NORMAL,23.136170332880752,39.48787837218856,181.41177037929404,12
124,4,NORMAL,21.919380824441333,27.661803222336715,187.16911926331093,7
13,5,NORMAL,53.488484854201886,61.94354205901905,189.3325583176387,20
167,3,NORMAL,7.120164970361429,7.244380537767142,191.41234665583596,3
179,7,NORMAL,0.0,0.0,193.30870157468843,0
125,3,NORMAL,6.9624457808128,9.63573572325322,195.35475303333138,3
187,2,NORMAL,0.0,1.9235934370307177,200.4867693514781,1
184,6,NORMAL,3.9032112302112125,3.85881638683324,206.42898329417412,1
182,3,PRIORITY,3.921072238064994,7.2896696402643215,208.33757214534117,3
206,2,PRIORITY,0.0,0.0,215.16081534627114,0
218,6,PRIORITY,0.0,0.0,227.78886739484923,0
219,8,PRIORITY,0.0,0.0,230.23698023566868,0
130,3,NORMAL,22.028713327630186,27.23453634801993,231.19692918125065,10
101,3,NORMAL,26.761107083900967,37.572233414543916,238.6775338868519,14
220,1,PRIORITY,3.7923067821759275,15.491322007259043,249.3918598663817,4
45,3,PRIORITY,36.74675427827029,66.67895692828063,251.52639680676128,21
149,5,NORMAL,15.116759429217382,10.112487631203805,261.6229271492576,3
103,2,NORMAL,20.012319735916563,30.01812102064403,268.57086051203015,9
258,9,NORMAL,0.0,0.0,271.0989174621988,0
279,6,NORMAL,0.4579683187311048,3.8869546250845133,294.9575409155871,2
69,7,PRIORITY,44.2915663132479,68.41877632887048,303.8030096919166,24
294,2,PRIORITY,0.0,8.02285122197253,306.5992010056489,3
300,3,NORMAL,0.0,0.0,308.367020292496,0
303,1,NORMAL,0.0,0.0,310.98833828219944,0
216,3,PRIORITY,0.8645646080073561,2.123113090928257,315.0740482368729,1
309,2,NORMAL,0.0,0.0,318.9567183870761,0
301,4,NORMAL,5.574478512191433,7.371653679232907,322.5048382113588,3
192,5,NORMAL,7.898158000824651,20.060348397614575,333.8032758534448,4
312,2,NORMAL,6.046500575570008,8.11200928763111,335.3658024938688,3
151,9,PRIORITY,10.478039591643068,17.147267071598776,336.92642863639634,8
315,2,PRIORITY,1.0733642472184783,8.139717552875993,337.070282980328,2
221,2,PRIORITY,2.2444386200039617,3.318398570091631,340.24482720648797,1
296,6,NORMAL,13.660887340253112,24.367085547357476,344.1204152651705,8
147,9,PRIORITY,19.46764156177946,38.27380977979567,345.3989474664781,13
135,5,PRIORITY,2.317862844694787,3.8444414063563954,347.0767727046509,2
289,4,NORMAL,21.220749011896316,32.08791793444567,347.7477014214036,11
109,7,NORMAL,49.144992095704424,52.87299961008745,348.00292599657814,19
71,9,NORMAL,67.73481597082066,72.92286483660467,349.37884454459544,24
344,2,NORMAL,0.0,0.0,350.6079409508604,0
324,3,NORMAL,5.087315726385498,9.83091875460508,351.3153959217566,3
163,2,PRIORITY,22.41081604132981,36.12292402709042,351.66814653436717,16
152,9,NORMAL,35.98901166098125,33.792529878808466,359.3198769717118,9
328,4,NORMAL,5.944387236581804,7.0731674584435495,360.50012612891106,3
321,1,NORMAL,13.599740170276732,16.754731256866194,365.71256337993117,4
336,9,PRIORITY,8.252246476210075,11.309802282513033,370.3847368132131,3
250,2,PRIORITY,3.4750061236729266,5.928027225857591,372.3164485999996,3
180,1,NORMAL,15.368629448176762,25.087063685332936,372.3164485999996,9
185,8,NORMAL,0.0,0.0,373.4939298559199,0
205,5,NORMAL,29.332693588585812,36.73481572546751,375.293184563795,12
331,2,NORMAL,18.692452330191543,13.914574360900815,375.42331597338267,4
370,6,NORMAL,0.22819800475838292,2.0594329166037255,378.29478770870196,1
295,8,NORMAL,38.75303623837533,36.42400749187175,378.7436022973435,8
360,1,PRIORITY,8.56739958110444,8.467170489471016,380.56557475185923,3
66,1,PRIORITY,38.78920817826126,57.49967773375084,381.18310344707487,20
31,3,PRIORITY,30.50267952069499,50.34889408799303,381.18310344707487,17
316,7,NORMAL,19.303333820259468,22.594391925537195,382.6072628648865,6
371,8,PRIORITY,3.190528874267045,3.874176667944596,382.9034439200799,2
366,7,NORMAL,4.41009529239318,9.937637273425992,384.6611088521144,3
361,3,NORMAL,8.8952759383061,9.032111977940474,386.68276272340944,3
76,5,NORMAL,28.001077333062312,43.405292475086355,388.08794237062835,13
373,9,PRIORITY,4.56252341705283,7.434594240940498,390.48355031678744,3
165,6,NORMAL,31.210855234337373,35.218364959684465,390.48355031678744,12
335,2,NORMAL,18.94580508396143,22.895877718178554,390.70388280436305,7
198,1,NORMAL,23.32098922712794,19.358122881203002,390.82185807015037,4
341,2,NORMAL,25.30524287611746,17.38303798874051,390.84507592357613,6
256,2,NORMAL,0.0,0.0,391.4622563709206,0
241,4,PRIORITY,26.006453358716726,42.092985159993646,393.979211862243,13
70,2,PRIORITY,65.50117552779682,98.95594703520449,396.2193679237441,33
49,3,NORMAL,70.23048115127199,100.03774396331875,396.322089356182,32
337,7,NORMAL,22.535346551286068,27.537559639680012,398.8266783764724,9
392,5,NORMAL,0.0,0.0,399.70606808688547,0
288,1,NORMAL,11.279125217242324,13.189342175698584,402.0532799495044,4
375,7,NORMAL,7.555285666582336,8.901814762690037,402.0532799495044,3
333,9,NORMAL,36.397617359394985,16.227605380456737,404.49523792700404,5
211,4,NORMAL,6.500597894716407,12.346084555306561,405.48456224485216,4
142,9,NORMAL,50.359030956257016,49.48779488796731,405.69548564078207,16
355,1,NORMAL,26.067217758590232,19.942100614515198,405.69548564078207,7
176,9,NORMAL,2.454065587103969,4.056677031822801,405.7480055044974,2
212,1,NORMAL,8.373522167254123,10.255137867413055,405.7480055044974,4
138,8,NORMAL,60.45465751935183,45.58083414406545,406.6899282194175,16
388,8,NORMAL,5.976266942050756,6.335025647578334,408.5646551160521,1
323,5,NORMAL,28.7527245633309,23.176309917902756,408.5646551160521,7
145,1,NORMAL,21.71677175156404,20.5607637632921,411.76240218412846,5
194,9,PRIORITY,1.538672905433259,2.911382424371027,411.7733637122792,1
208,4,PRIORITY,32.10693977523414,49.786834066867414,417.8542873091796,17
394,1,NORMAL,7.792635562805401,9.903988631863115,420.47409034352324,2
378,6,PRIORITY,18.232707092912904,21.169739894415045,421.79799963839923,9
353,3,PRIORITY,25.91290356935542,39.05962529641562,422.9095840030467,12
118,8,NORMAL,82.61474261022929,53.155351573440896,425.91776451597485,15
201,9,NORMAL,4.262427185077172,10.867269352715141,426.5712011444262,3
406,8,NORMAL,0.19861438107977847,6.1938846396254235,426.5712011444262,2
343,2,PRIORITY,5.16764281091946,11.837327999685556,427.254494412117,5
399,1,PRIORITY,10.801838921302647,11.979715631101158,428.79721077364536,5
237,5,NORMAL,22.45184230631361,32.5229647881458,429.2279219166519,9
159,5,PRIORITY,34.80946845606152,48.58419163948125,429.52505769060366,15
340,9,PRIORITY,27.062348542894995,49.99492378881894,431.04437943147366,15
263,1,NORMAL,15.700369159851107,24.327665109339932,432.13439822287177,8
318,8,PRIORITY,39.58148012793583,59.183585772609206,433.27802861863506,19
402,4,NORMAL,5.149894817971358,12.007805015196993,433.27802861863506,3
227,4,NORMAL,2.072117731032705,7.044514106607295,433.8970275317318,2
141,1,PRIORITY,19.550922190323973,37.507096184653875,435.10355520731656,14
329,3,NORMAL,57.27256714782328,37.8997158375102,435.6112313358645,12
84,3,NORMAL,30.438268091919227,42.073997544159184,437.1970307133026,14
314,2,PRIORITY,41.53538883597821,69.80119824772754,438.82242860813875,22
154,5,NORMAL,14.788619612823254,24.375973237387853,438.82242860813875,6
347,4,NORMAL,0.0,0.0,440.07508548390024,0
248,1,PRIORITY,16.963962395578278,32.186598144791276,440.5359396659018,9
381,3,NORMAL,22.972239117674576,30.504001721741645,440.5359396659018,9
423,3,NORMAL,2.447680421764858,3.6041513560824683,440.5359396659018,1
377,4,NORMAL,47.830606303032255,2.0747906600939245,441.07193121915907,1
97,8,NORMAL,114.39374848085451,87.56692859626699,441.52595855939614,31
310,6,NORMAL,58.82166883149563,62.848049709269844,443.7499759139138,19
146,1,PRIORITY,28.05066551983205,38.583655563687785,445.3318112014088,13
75,4,NORMAL,46.322939591310174,54.55701835386316,446.6954602491898,16
362,9,NORMAL,43.891166057688395,35.09678674819719,448.4902444806715,10
326,9,NORMAL,56.80663437141817,53.296827598613106,453.4274551582994,16
266,3,NORMAL,57.23882858304842,17.61665367200817,456.29606598665464,7
382,3,NORMAL,41.48777711064588,29.727256350325092,456.68922168644707,9
412,7,PRIORITY,15.154370042799314,16.63819980418225,457.1149771683332,6
417,2,PRIORITY,11.71688077877053,19.84317132194667,459.00936152240405,7
443,8,PRIORITY,0.0,0.0,460.3560987455151,0
233,4,NORMAL,16.10303184589864,24.632549589561535,461.11366876023243,7
440,1,NORMAL,2.4203946043296583,1.5671578105851722,461.11366876023243,1
37,2,PRIORITY,74.92727763244993,134.92190332660533,463.62334643161216,44
448,4,PRIORITY,0.0,0.0,463.72376461542433,0
251,3,PRIORITY,34.85322420940457,59.01962141158049,465.2135521243268,19
199,3,NORMAL,47.906701671125575,36.21164433598136,466.0199943069941,13
229,2,PRIORITY,23.005241542900364,28.29097182550055,466.6566857781772,10
431,9,PRIORITY,6.167733244923397,7.573120765887779,468.23378850799406,3
202,3,PRIORITY,1.2041777358237482,1.8352534036781663,468.54314239144276,1
268,1,PRIORITY,9.339361485980078,16.29860907783666,468.71059155865913,5
449,6,PRIORITY,1.2550334315154146,2.227527963802004,471.20673093714737,1
259,6,NORMAL,0.9567862348361587,2.273910531203228,471.76106184700683,1
368,2,NORMAL,46.8698929299847,56.86768473771758,475.08571045356916,16
450,7,NORMAL,3.9680754749083462,4.921072946824609,475.1231973874038,2
261,2,NORMAL,9.436217976914577,13.1891944220705,477.93570246605134,5
354,2,NORMAL,29.2608569294826,40.79290621019561,479.29995503768964,12
446,7,NORMAL,5.321515242112866,8.74667605629503,479.29995503768964,3
181,4,PRIORITY,20.84594360124143,32.22010382321665,483.7716543723944,12
477,7,NORMAL,0.0,0.0,486.8042509820638,0
387,6,NORMAL,51.66232082569576,45.70714956741182,487.5993351605795,12
231,7,NORMAL,5.8902023346732335,6.149448504973861,487.5993351605795,1
271,2,PRIORITY,15.87682640269719,24.033345228775147,487.6388252109717,7
379,9,NORMAL,80.08498846096973,26.735581015346384,489.35870864971605,9
483,6,NORMAL,0.0,0.0,492.1226265520772,0
137,4,PRIORITY,1.2130204305346979,2.31911308915312,492.1508764848131,1
452,8,PRIORITY,11.14863339188679,13.51839020290339,492.19184128474194,5
175,5,PRIORITY,13.068311118229957,25.740679118894263,492.19184128474194,9
473,8,NORMAL,3.2806317148832136,4.7408511674687475,492.19184128474194,2
60,9,PRIORITY,43.61153457115172,57.345230018182264,492.72104909713147,19
455,6,NORMAL,10.217302925533602,13.327570656234172,493.40766682299335,3
408,2,NORMAL,73.66831862547889,3.713936969970291,494.7949831576136,2
480,3,PRIORITY,1.125489785620573,5.232519487958655,495.4452708753515,2
485,5,PRIORITY,1.5568454221569823,1.5206001121646864,495.5794031077216,1
463,1,NORMAL,9.368328979750288,12.96181296974504,497.66764909167324,4
461,6,NORMAL,10.002418677354115,6.048098535299346,498.7450391908865,2
317,3,NORMAL,102.33559417546604,66.39850068576561,498.82336305994414,20
226,7,PRIORITY,3.764386937514189,5.2543738224796925,500.5736030497073,2
213,8,NORMAL,109.49518963650127,27.23217028041006,504.1924341791522,11
86,7,NORMAL,70.68787873812698,93.01313307579295,505.5845975077251,27
494,4,NORMAL,1.1017125732118416,2.215258800757681,507.15045108665913,1
215,1,PRIORITY,30.935864736296253,46.24246253829557,509.09382459097384,16
139,7,PRIORITY,11.06291082840471,16.575950381614234,509.1970352015052,6
422,4,NORMAL,47.51440561920322,26.596728480466027,510.8758007160754,9
87,2,NORMAL,71.40367732035853,52.893744700538846,510.8758007160754,16
502,5,NORMAL,0.0,0.0,515.7078406589975,0
487,1,PRIORITY,9.898084233058114,12.27745003638671,516.7398114021199,4
442,7,NORMAL,27.997168249118545,30.472350548939914,517.4927479588737,9
234,3,NORMAL,61.4562301496087,35.09524479489548,518.4497503334301,13
82,9,PRIORITY,4.544937450436294,8.647574987796872,519.7168818963784,3
464,7,PRIORITY,15.459735485738179,27.081643481078515,519.8021863507656,9
278,4,NORMAL,13.762942991393743,15.987509388936417,520.9290568121856,4
505,7,NORMAL,0.0,0.0,521.5572208435791,0
458,9,PRIORITY,23.178199355555535,30.113880786399307,528.3673588596941,11
503,8,NORMAL,2.6266606073144203,2.61500736005371,528.3673588596941,1
122,3,NORMAL,50.256680922970475,84.06397377632743,528.3673588596941,25
492,4,NORMAL,12.856264052960114,17.852912731633012,531.1716123893601,5
476,3,NORMAL,21.19662334408912,24.2064243099681,531.3876360127057,8
286,5,NORMAL,19.72501698427584,25.88748847757813,531.9989725501752,7
500,7,NORMAL,5.9461739697648,10.031940997825927,531.9989725501752,3
507,4,NORMAL,3.579038540869078,6.629097485276475,536.3255542296116,2
516,2,NORMAL,4.1803461015591665,6.15154371091694,538.8316752873988,2
530,8,NORMAL,0.0,0.0,547.8736235348628,0
170,1,NORMAL,60.54770198147898,67.24543699191213,547.9532108389432,23
405,7,NORMAL,76.55504276854515,54.89127443888748,548.2812807346155,15
529,1,NORMAL,2.2532890400971155,2.2117293308077706,549.1338078083503,1
239,3,PRIORITY,12.046075385499847,21.346932201807817,549.5633877412588,8
243,9,NORMAL,17.813113104960166,16.51818442694764,551.8747308672365,4
497,6,NORMAL,37.67573429004972,6.5120720521136946,552.9882593696428,2
265,7,PRIORITY,0.4314350826638247,1.634956343628005,561.0764852672313,1
436,6,NORMAL,46.90677551087714,55.80069309487038,561.4470272179321,17
178,5,NORMAL,85.4313709609255,36.88262167451103,561.7431642282967,11
325,1,NORMAL,129.3507831381856,94.736259108985,561.7431642282967,27
7,8,NORMAL,85.44541472027349,69.63671162335044,561.7431642282967,22
532,7,NORMAL,4.941032125424044,8.866971868028486,563.9344551566559,2
298,1,NORMAL,50.33168539117776,70.92107036752668,564.2192862644494,20
133,1,PRIORITY,45.43845730921842,65.87619602488175,565.4629004924863,22
546,8,PRIORITY,1.9925705708875512,4.628990556406393,569.6981736267784,2
100,7,NORMAL,30.378472159813427,39.11440087627362,569.6981736267784,14
493,4,PRIORITY,25.887841924030397,42.81107876021923,572.9904604314854,14
136,7,PRIORITY,29.57837116164862,51.00922960346051,574.7658170373498,17
351,6,NORMAL,150.55280791616593,62.88069568336044,576.1043084156797,20
249,6,NORMAL,1.1671156678988837,1.7662825557712267,577.6244404729911,1
434,4,NORMAL,85.45643134847523,38.572548428118466,578.6882133549036,11
504,3,PRIORITY,23.081718279839265,36.920116215907115,579.9554127488791,14
534,3,PRIORITY,14.517449697838856,15.370465442478007,582.1921156954993,3
427,8,PRIORITY,52.1901040895267,83.94958167404371,582.1921156954993,27
183,2,NORMAL,123.02340663015991,31.839096018503938,583.967251912118,10
558,2,NORMAL,2.531619649448544,2.6804981130084116,583.967251912118,1
345,7,NORMAL,135.55121913506565,97.38397928089069,583.967251912118,29
41,8,NORMAL,137.5114922019879,100.56212905052215,586.4367693456402,31
143,5,NORMAL,160.52350151357606,70.04176461395892,586.4367693456402,25
148,3,NORMAL,27.417266762372634,37.88719207229434,587.2916649429102,10
562,1,NORMAL,1.7357684380591536,3.3244130307922433,587.2916649429102,1
16,6,PRIORITY,72.48961342664106,112.89620642941266,591.5392683725304,37
299,2,NORMAL,130.4345043995561,94.13605419738963,593.2559590103901,28
539,6,NORMAL,16.50357483494645,19.426428055822157,593.2877458449009,5
245,6,PRIORITY,48.253517723048276,60.3879748917592,594.7700370431614,23
92,8,NORMAL,64.43492324033016,30.731272630268307,594.9290459967228,10
526,5,NORMAL,41.39473825843015,12.373779518470997,594.9290459967228,5
186,1,NORMAL,97.00246678930768,81.85650449961261,596.0216675981993,27
242,2,PRIORITY,20.90912665346599,33.45471680325204,598.3924766339667,10
590,8,PRIORITY,0.0,0.0,602.640917628083,0
582,4,PRIORITY,2.198785089012631,3.7914981470869407,603.4226895508938,1
588,4,NORMAL,0.0,0.0,603.5486743419265,0
120,5,NORMAL,36.16998840400342,47.79130341545272,603.5845587853748,15
235,2,NORMAL,2.4176048456773174,12.217686931471206,603.9380715602267,5
4,8,NORMAL,19.505939588252474,29.632015449289188,604.3284801131259,10
25,7,PRIORITY,48.0192219192686,79.56384509455593,604.6495548934054,28
555,3,NORMAL,12.601436806717516,16.226528180868627,604.675671430048,6
524,8,NORMAL,35.5192488659992,31.651047106436977,606.4683494466551,9
567,6,NORMAL,9.41260750359811,8.935418474923608,606.4683494466551,2
365,6,NORMAL,65.643313512225,45.115958286503144,607.829747584477,14
571,6,PRIORITY,8.899794010474807,12.547693495428007,608.1909222554156,4
254,2,PRIORITY,25.307644279840304,42.624122290929904,609.9933394995965,15
292,8,PRIORITY,15.863135068459314,19.459959562383574,610.108195740246,7
475,5,NORMAL,99.89187623770027,24.36106127633775,610.5768201071071,7
574,6,NORMAL,6.506677570852958,13.539968705754518,610.5768201071071,5
512,6,NORMAL,59.95578945424893,21.45245446658339,610.7848419862341,6
563,4,NORMAL,11.281846249512341,16.34660643681252,610.7848419862341,4
557,1,NORMAL,16.668137684153066,16.22459284040349,610.7848419862341,4
457,6,NORMAL,86.35231618320091,53.174843190086335,610.7848419862341,15
196,7,PRIORITY,18.954425964935467,32.59887989591755,611.8174357466028,12
272,6,NORMAL,71.81810301407387,39.51818374475374,611.9280866813987,12
591,6,NORMAL,1.3419362918222077,1.5901884115720577,612.1670085186792,1
209,9,NORMAL,181.8239711643172,72.90498269321625,612.5046557864538,23
568,9,NORMAL,15.049058652526014,12.285887666179747,612.5046557864538,4
166,4,NORMAL,94.58648000585859,33.7475026614255,612.5046557864538,13
189,3,NORMAL,58.68802080124257,24.701649737638235,612.5656001229622,11
364,1,NORMAL,92.13903702897551,42.35441683668387,613.32918527824,14
471,1,NORMAL,96.8995383271083,34.33259793689149,613.32918527824,11
603,8,NORMAL,0.0,0.0,613.5465774385332,0
592,4,NORMAL,0.0,0.0,614.31703230256,0
59,9,NORMAL,48.88757002165957,56.09072715979576,615.1581506116598,16
589,5,NORMAL,5.114320351932861,4.203965006491103,615.1581506116598,2
284,3,NORMAL,41.91481318437263,50.85707318543297,615.1581506116598,14
253,6,PRIORITY,38.85411144225117,56.23132193844356,615.2025704926606,18
204,9,PRIORITY,30.95113597432197,37.10748005407274,615.4765007966625,13
583,3,PRIORITY,7.3645799138543,9.494922100098279,615.8546341865588,3
511,1,NORMAL,2.1987196151413855,3.8545528305016887,618.1372254348408,2
599,5,NORMAL,3.964909570274017,5.907226491676283,618.1372254348408,2
596,5,NORMAL,2.0561824810250755,3.0046399228762084,618.162790534536,1
320,6,PRIORITY,47.4702947459777,65.17340519543444,618.510819846431,21
481,5,NORMAL,81.8696296806578,44.87810216093351,618.510819846431,14
307,6,NORMAL,12.004960199803406,16.441086303182544,618.510819846431,6
291,9,PRIORITY,9.227819265880157,13.558964855297859,620.2292557705805,4
593,5,NORMAL,6.700616617009246,9.42381219911556,621.1365076920199,4
273,6,PRIORITY,35.956102257209125,74.32705606651803,621.338284689091,25
490,4,NORMAL,5.232240823464849,7.894400795872514,622.0402025663494,2
541,7,NORMAL,27.72868146139467,36.8235984366961,622.7320530417603,11
577,5,NORMAL,12.580383519378302,16.68069070469619,622.7320530417603,4
542,7,NORMAL,49.907944873301176,17.333441171717595,624.5772061126078,5
389,9,NORMAL,78.550837194417,36.65209516727003,625.5236470361134,10
439,1,NORMAL,98.33991449649102,69.06280204097874,625.5236470361134,20
342,4,NORMAL,181.6062143421516,96.12146467907405,627.1925990189462,28
252,4,NORMAL,8.460653913188708,15.371381260627572,627.2338708678759,6
570,1,PRIORITY,13.10509114407455,27.353583400535285,627.6111872912915,9
470,1,NORMAL,93.84055086598937,53.757544368625474,627.9243814089326,17
433,3,PRIORITY,22.056503194262916,27.6710890867613,627.9263652219437,9
246,5,NORMAL,8.799691799768596,13.228435550457107,628.7051880441178,4
228,1,NORMAL,213.33293261135154,101.3585852963655,628.8875721670638,30
390,5,NORMAL,155.4853476766919,76.80003312081107,628.9810575731548,22
207,4,NORMAL,14.474478030534385,22.371052110507605,631.4133830604685,7
612,1,PRIORITY,3.136360556234422,8.719814287368195,632.020322185612,4
372,2,NORMAL,34.865074948910376,36.210698743681746,632.020322185612,11
357,3,NORMAL,4.145910006699069,6.311905178852328,632.1185049197969,2
617,7,NORMAL,1.4194148837839293,4.290940567288089,633.1785127343519,1
609,1,NORMAL,7.45087812180418,9.264685531968553,633.7317563225675,3
255,8,NORMAL,34.146582726434076,18.13164986932253,633.7317563225675,5
600,8,PRIORITY,10.077744574769781,16.099605140322637,634.565695283394,6
236,9,NORMAL,52.87507520963277,28.84489198068391,634.565695283394,10
467,3,NORMAL,83.00059111495528,70.26105453086132,634.6119823807519,20
338,1,NORMAL,120.72722552703016,66.53751073965697,634.6119823807519,23
456,3,PRIORITY,25.928872575456865,34.47705134888025,636.0301894223471,13
380,1,NORMAL,29.66901909910308,39.91953004799774,636.337879568623,14
556,6,NORMAL,44.359630245137964,15.419479347495098,636.6840617579812,6
297,8,NORMAL,125.58517931365412,81.72394771721389,636.8812453076227,26
270,8,NORMAL,73.35358505875467,26.033336279230866,637.1706362960267,9
308,6,NORMAL,7.161326064874402,13.764917174710376,637.1706362960267,4
19,9,NORMAL,69.18367296606479,36.72534763823502,638.2682753522142,11
447,1,NORMAL,120.70274841839728,57.02800167539533,640.1220836911997,16
190,3,NORMAL,178.614428318879,68.23333184827737,640.1220836911997,21
576,5,PRIORITY,18.712827338613124,29.260084566781302,640.4031450863351,10
627,2,NORMAL,0.0,0.0,640.752239294914,0
459,7,NORMAL,143.94594408367738,24.808217876268486,642.4509582892368,9
491,3,NORMAL,118.84662259750849,25.28128622601804,644.2413937725856,9
513,6,NORMAL,71.54421280342126,45.353240535758914,645.0858076728689,12
9,5,NORMAL,61.38270349553402,94.26195637032477,646.0805801556428,27
605,8,PRIORITY,4.104847067821197,9.052662062948912,646.2224403187349,2
410,4,NORMAL,82.46963909954957,26.747084732515248,646.3526105005145,8
453,5,NORMAL,2.701492093190211,3.2070745647451986,647.2933579914488,1
409,6,NORMAL,183.77624901771526,48.25303148047681,647.700892805822,15
356,9,NORMAL,206.28584659736578,79.62691742816321,647.700892805822,26
569,8,NORMAL,43.564764696825705,17.64665144944877,647.700892805822,6
631,2,NORMAL,0.0,0.0,648.5227808879335,0
128,9,NORMAL,78.41403676010981,61.085590305079336,649.4920093017936,17
559,8,NORMAL,55.022720250409975,15.316737887364184,649.5197391800218,5
633,3,NORMAL,0.0,0.0,649.6471394705828,0
404,3,NORMAL,120.60059502010807,23.02906054911631,650.3048094287143,8
225,7,PRIORITY,69.37060113475701,116.27918376740007,650.8712449330716,38
630,4,NORMAL,2.037079396533045,1.8851413658751426,651.6190423711166,1
632,6,NORMAL,0.0,0.0,652.1043357925861,0
554,5,NORMAL,54.69964668322439,16.852588333353765,652.3891265977467,5
635,2,NORMAL,0.0,0.0,654.3120796029764,0
224,6,NORMAL,173.3122336575126,103.84862007333334,654.6094587612724,28
116,5,NORMAL,48.47539921207786,69.39841593122037,655.1381195466555,20
210,9,PRIORITY,0.0,0.0,655.7889694871551,0
566,8,NORMAL,32.77246111842294,36.36796815873481,656.28386995389,11
160,4,NORMAL,81.99592548531737,56.55714118157391,656.28386995389,19
533,2,NORMAL,71.45008337114325,36.41548633478362,656.28386995389,11
397,7,NORMAL,180.9095959522246,71.54156862201262,656.8216518056287,23
177,4,NORMAL,82.47437537707796,42.034247144607036,660.4126530514036,14
618,6,NORMAL,13.828703915496021,18.22061258983831,660.7439602040032,6
398,7,PRIORITY,37.680410658040955,60.34756696589642,661.3044588489727,21
302,3,NORMAL,48.51671427550241,16.96892562227748,665.1420040746489,6
193,8,NORMAL,43.73622020793215,46.584169130345856,665.1420040746489,15
644,1,NORMAL,0.0,0.0,665.3771164630012,0
544,7,NORMAL,48.283304871042105,55.488640075544026,667.0267705809327,17
629,8,NORMAL,6.467537228743254,8.249250777181828,669.0968420688989,2
348,6,NORMAL,219.9712988318949,88.18047793683604,669.9410687169499,26
465,5,NORMAL,112.80907614332307,76.92677409431258,671.6678691293503,24
646,4,PRIORITY,2.048177293031131,2.6561874007602455,671.729992695401,1
468,9,NORMAL,3.4972883138332804,5.661860149429174,674.8962684095369,3
651,2,NORMAL,2.611794597292601,2.7720279462039343,675.8877968276671,1
643,4,NORMAL,5.438979876609778,5.7166736383068155,676.2847821133684,1
655,4,NORMAL,1.244461849010122,2.4643236994577364,676.505681982431,1
489,5,NORMAL,8.548711627377486,13.174742414464674,676.7555221170455,5
587,4,NORMAL,46.70886658029349,24.120137280607537,676.8087384691983,7
123,9,PRIORITY,25.643856328569797,35.862025330943055,677.9132800890071,11
486,4,NORMAL,11.934645359772503,18.369298167000125,678.3115214240572,7
369,1,NORMAL,128.81331907270066,82.8911802677398,678.4487880390242,27
657,4,NORMAL,1.4846244062800906,4.873485841729462,681.187473136485,2
282,8,NORMAL,125.33785415393328,56.43736951958283,681.837976824378,18
217,5,PRIORITY,0.10635277259939357,17.177700510796967,682.3620881455322,6
648,7,NORMAL,7.270973843858428,8.298206667089062,683.071552558278,4
306,2,NORMAL,19.559537587949364,28.552977185488203,684.2757267937023,10
418,6,NORMAL,20.352272456228206,30.909373288466327,684.9498823547051,10
658,9,NORMAL,4.553944959945284,3.831671898174818,685.215661183963,2
662,2,NORMAL,3.274273364924852,3.426445659914293,686.8074856864338,2
671,3,PRIORITY,0.0,0.0,686.9925664631718,0
670,5,NORMAL,0.0,2.065354471358205,688.1640376079839,1
200,9,NORMAL,3.779854331295951,8.644840675939236,689.1779115602751,3
277,5,NORMAL,7.623067289196001,8.85403759235237,689.6288843494756,3
666,6,PRIORITY,2.630850504986938,2.5609852914051316,689.6308620858027,1
40,5,NORMAL,107.15279567833872,76.43281219849962,691.8438725542031,25
663,7,NORMAL,3.933513854007174,5.363791761157927,694.6466790239559,2
640,2,PRIORITY,12.809814563830628,21.198284106887172,695.5046281462107,8
676,2,NORMAL,2.601132696981267,3.0593512000326655,696.0112147018243,1
664,5,NORMAL,2.528109238102388,8.424986231338721,697.0598281139336,4
683,7,NORMAL,0.0,0.0,698.1680142007841,0
413,6,PRIORITY,28.16419011814719,36.99748656456245,699.1562287742084,11
678,4,NORMAL,3.7431932359357916,5.102114513563947,700.1969744672529,2
525,2,NORMAL,34.3055993038588,7.972615742344715,702.4325322929236,3
680,7,PRIORITY,0.0,0.0,704.0958928793902,0
188,5,NORMAL,62.04303588374387,46.28636206024626,705.6379006835359,15
686,5,NORMAL,1.7548322124199558,1.726163487986696,705.9403357650519,1
12,6,PRIORITY,41.72094907228452,65.03243364604762,706.6932555625527,21
692,5,PRIORITY,0.0,0.0,707.1103147762113,0
689,3,NORMAL,3.2976016628881553,4.349482631939281,707.7120122800188,2
698,9,PRIORITY,0.0,0.0,708.0940653053784,0
682,4,PRIORITY,3.376487834231625,6.040640944633992,709.7473796988005,2
155,4,PRIORITY,79.55097311389642,122.69386220243464,710.1528861040513,38
469,7,PRIORITY,16.599553755352588,23.900316964555657,711.4544953665361,9
264,8,NORMAL,12.372881503151007,26.524146506108252,711.6616874613333,9
685,9,PRIORITY,1.6057996568927138,6.359797663688596,712.147755742981,2
675,8,NORMAL,7.327822483584669,7.0682526042537575,713.9457955719363,3
429,1,NORMAL,34.93487789096514,38.67587776909386,714.2964188587616,9
88,4,NORMAL,104.53641228233154,65.50374331814406,714.7645042185057,22
687,9,NORMAL,2.128577427901064,9.583402556405986,715.5518322749319,3
642,5,PRIORITY,14.817191623075928,29.42111121091125,716.0170545655603,10
52,9,NORMAL,8.819549750447294,19.155686031866622,716.4999058296912,5
174,8,NORMAL,107.3774340746603,65.79737249216856,717.7134989885898,21
684,5,NORMAL,9.06030677588842,9.656894323721986,717.7469022888155,4
703,5,NORMAL,2.403895233093067,3.018526053763253,718.5703583286952,1
482,2,PRIORITY,8.07728499273793,10.958492625951067,719.42406605034,4
238,8,PRIORITY,44.28756493057682,62.724852596980156,720.8613668344913,23
606,2,NORMAL,7.762405494414452,12.754906173681206,721.6404553739886,4
545,1,NORMAL,20.75484961002121,23.3270052894145,722.1263996443125,7
304,1,NORMAL,103.74726289043042,62.64352185425531,723.6026217565491,21
669,7,NORMAL,13.931385613067278,19.232407020280334,724.6140960196116,5
313,8,NORMAL,144.22488883998346,65.49726522411083,725.0986226018993,22
661,8,NORMAL,22.324710461153927,23.639830548613986,725.1093400275555,8
674,4,NORMAL,13.572210199545566,21.03281183868296,727.4097817094118,6
540,6,NORMAL,19.178668192134978,36.08073234841265,727.582819689168,10
704,3,PRIORITY,4.977332981603013,5.657627627792522,728.1360916121787,3
713,8,NORMAL,2.5628341978442677,3.4879790893700147,728.5174566087272,1
719,6,NORMAL,0.0,0.0,728.739595923879,0
706,9,NORMAL,6.050045440326016,9.107494014132499,729.096066172188,3
720,6,NORMAL,2.8580925503802064,1.7222488300046734,730.8183150021927,1
709,8,NORMAL,1.6294434685908072,10.704833311356992,731.7553314217631,2
714,6,NORMAL,3.991264659806575,5.875566610310102,732.4915881596017,3
421,7,PRIORITY,5.474953466750833,16.31245777002175,733.3242682733699,7
451,9,NORMAL,25.648479237782112,40.78988648964548,736.0477367103339,15
725,8,PRIORITY,0.5064434869581191,2.2892862613263105,736.3918895125527,1
157,3,NORMAL,28.491611890894404,45.82555034958088,736.3918895125527,15
701,7,NORMAL,11.96258863294895,12.602782202466642,737.3132221475648,3
693,1,NORMAL,12.228970156560422,20.91087719002303,737.8424449337859,8
731,5,NORMAL,0.0,2.1079078179820954,738.9879933725579,1
735,4,NORMAL,0.0,0.0,739.6541053134895,0
708,7,NORMAL,8.678044343819579,14.259051377074456,739.8758795695275,4
712,6,NORMAL,9.499871885577477,10.721738887821289,742.4386354193913,4
702,3,NORMAL,13.506023873674962,15.655134546875502,742.4386354193913,4
572,4,NORMAL,0.0,0.0,743.0634216472583,0
564,2,PRIORITY,10.488505208357651,14.831695356327941,743.6579721744458,6
705,6,NORMAL,9.368216240234005,17.635148929495017,743.6579721744458,5
438,6,NORMAL,68.75248759646519,40.20647536600319,744.0605782856533,14
742,7,PRIORITY,0.0,0.0,746.3133789675537,0
734,5,NORMAL,4.754847012767641,3.8465196466290763,747.9713883989533,2
743,8,NORMAL,0.42361849929068285,1.54836703885735,749.5197554378107,1
158,1,PRIORITY,64.05169933022049,108.29357719341914,749.6425537928283,36
741,1,NORMAL,0.1784145337045402,5.551805269462875,749.6425537928283,1
744,2,NORMAL,0.0,0.0,749.8581712056074,0
339,9,NORMAL,104.83589355652776,58.21579760229952,752.3361071535106,18
727,9,NORMAL,4.428683253783106,3.5811171073379455,753.8365244228115,2
747,9,PRIORITY,0.0,0.0,755.14274972903,0
367,6,NORMAL,56.55080612760935,23.298627996025004,755.478530844805,8
594,1,NORMAL,4.3366873584863015,6.716932232127078,755.478530844805,3
733,5,NORMAL,6.081863377885952,10.737733952578992,755.970952904897,4
749,1,PRIORITY,0.5800676499143265,4.613854411343937,757.9217261982593,2
730,7,NORMAL,7.805095202568737,10.903302748642545,758.8071445867976,4
752,5,PRIORITY,1.338832584680631,2.5354408365839163,760.8184004559282,1
739,2,NORMAL,4.6169422194576555,9.640646068211822,761.0545377519293,4
756,6,PRIORITY,0.0,0.0,761.3940744920698,0
738,4,PRIORITY,6.098192967276077,12.147827468415585,761.5144389040245,4
622,1,NORMAL,9.989301618567197,11.517169323292137,761.6983723152033,3
745,2,NORMAL,5.152659348806083,5.86365627886903,761.6983723152033,1
722,1,NORMAL,14.592196599070803,20.78217334127146,763.6413270211381,7
760,5,NORMAL,0.0,0.0,764.4898250288626,0
281,6,PRIORITY,11.498114993748459,25.403484403809273,764.8190678331216,8
247,2,NORMAL,83.7179747865153,32.19467693692752,769.7684213065271,13
726,8,NORMAL,11.814676483628887,18.01853691275153,771.9983178182969,6
766,5,NORMAL,0.0,0.0,775.4189146987167,0
768,7,NORMAL,0.0,0.0,775.4648819161282,0
172,6,NORMAL,74.52641532036404,25.710707923961138,775.8936023785484,9
26,6,NORMAL,141.3794299466253,107.83382832484034,775.9818434197377,34
1,5,NORMAL,39.99059088187117,52.10088023641178,776.5432942122299,18
765,9,NORMAL,0.0,0.0,776.86564647239,0
769,3,NORMAL,0.0,0.0,776.9126660479188,0
517,6,NORMAL,16.291652264747995,17.35890824969806,777.0188173697431,6
126,5,PRIORITY,20.828522211252334,42.18476856741333,777.1741785860843,14
257,2,NORMAL,29.017661090442402,48.76638282917742,777.5980017196254,16
171,4,NORMAL,68.23222044093222,63.07995743983409,779.1950619534908,19
764,7,PRIORITY,2.0444740890860658,4.994850798507514,780.5443043081779,2
758,4,NORMAL,9.901829354334154,10.133705941324024,780.6349690088249,3
770,2,NORMAL,0.0,0.0,780.7728210592762,0
753,7,NORMAL,6.227888525650428,14.512229686841465,781.2600456739605,4
403,6,NORMAL,78.21709583678756,26.898053039283525,781.4406994875717,8
772,4,NORMAL,0.0,0.0,782.6422638155391,0
528,5,PRIORITY,27.855841380752736,45.942821908948304,782.721377369028,15
73,2,NORMAL,143.36960348039725,105.40975162848359,782.7426071753937,35
522,1,PRIORITY,14.800497968154446,32.03891028698479,783.6165789996357,10
508,8,NORMAL,43.99765672853198,27.077318442788624,783.6165789996357,9
762,9,PRIORITY,5.001955047532306,7.24360430950469,784.7393428336561,2
466,8,NORMAL,71.15131863531883,46.490000869375535,784.7393428336561,14
759,5,NORMAL,11.085574983847437,13.090463003418677,786.0148089832772,3
767,2,NORMAL,2.183957396682331,8.571632083771533,786.0148089832772,2
550,3,NORMAL,13.928613039233596,12.567005247374482,786.5918045278613,3
501,8,NORMAL,52.24040159662195,15.387660504732139,786.830359055709,5
232,4,NORMAL,38.731235808740166,47.67420341757787,787.3873651226334,14
771,9,NORMAL,0.0,0.0,787.8204640891171,0
77,8,PRIORITY,47.18834437451133,68.85421709360295,788.0673278255242,23
521,2,NORMAL,43.673553925461306,21.54183267734095,788.3526173695948,6
395,9,NORMAL,93.03996174475475,44.29546375167348,790.5557952978922,12
527,6,NORMAL,62.87128447476687,14.210949994256339,791.3382998201316,4
385,2,NORMAL,51.77120029075081,18.25960562553246,791.4749642623485,5
472,3,PRIORITY,10.47669048695849,15.236629136948295,791.706399316671,6
761,5,NORMAL,10.030543789287208,13.957833718023153,791.9650141978085,4
267,9,PRIORITY,6.276927155329872,9.981505583031833,792.9337695139494,4
601,9,NORMAL,0.0,0.0,794.4492067509807,0
523,5,NORMAL,42.92111488887451,15.251599798561756,794.6220409369213,6
280,7,NORMAL,25.646806086891047,24.99279474559836,796.6751196942984,6
262,3,PRIORITY,25.624855532723927,34.869430449963374,797.5353562211795,13
535,4,NORMAL,45.20840855208269,2.146405904389212,797.5888615878725,1
607,2,NORMAL,5.82081972612184,7.273551238828077,798.9202476021476,2
432,8,NORMAL,14.2376740264869,15.894411748924426,802.2289201140086,5
620,2,NORMAL,11.313558810012296,15.123469652199901,803.4112182756485,6
580,7,NORMAL,0.0,0.0,804.1318704082792,0
641,2,NORMAL,0.0,0.0,804.287497823867,0
537,3,NORMAL,58.04737539549478,37.073297393542475,805.6719224615836,12
496,1,PRIORITY,13.73563693863531,14.853079348268466,805.9807615940616,4
595,1,NORMAL,33.53088686338128,39.58070376006913,807.2865075294811,13
509,6,NORMAL,48.46609295678729,50.06678147733521,807.9921535470709,15
327,3,NORMAL,21.928549621495563,26.32334445618261,808.7376503106395,10
274,3,NORMAL,37.23056624990062,47.528444386799094,809.080765324381,14
499,8,NORMAL,52.82446826812702,22.052979277937084,809.1566394138893,8
598,3,NORMAL,0.0,0.0,810.4429507312028,0
578,7,NORMAL,0.0,0.0,812.2923655582804,0
561,4,PRIORITY,21.2149557932662,29.409264560979295,812.9423607323762,8
551,2,PRIORITY,26.879709480488714,37.71794853625738,813.2676795863273,12
614,3,NORMAL,0.0,0.0,813.8687178896142,0
547,9,NORMAL,0.0,0.0,814.3656075872278,0
275,9,NORMAL,10.577705838534257,9.162682348239514,816.730104990086,3
393,7,NORMAL,0.0,0.0,817.3721739170957,0
560,7,NORMAL,10.895129040367124,10.228109063686816,817.4065850054424,2
697,1,NORMAL,0.0,0.0,817.6551990541434,0
548,7,NORMAL,16.01266357124473,18.701790042548396,818.1309419432348,6
383,4,NORMAL,57.605046220662075,33.543496489544964,820.1198112663782,11
203,4,NORMAL,155.68546661967304,67.2847122735273,820.5759179805772,21
415,7,NORMAL,2.361999002492439,2.7035299512573943,820.8570227409759,1
121,9,NORMAL,21.179034311116993,30.186039237392123,824.9413973379828,8
506,2,NORMAL,2.5246229731584435,6.497543505857379,825.4742251479755,3
363,1,NORMAL,59.315347406069634,48.12503508484241,825.8409421838093,14
195,6,NORMAL,73.79231318361587,30.754656193197945,825.8500148329723,8
391,8,NORMAL,56.61890115232427,46.48472668905032,826.4104471950623,14
515,7,NORMAL,6.904949297219673,12.336228928452329,829.2447113082966,3
579,4,PRIORITY,6.914874742464349,10.937466094939737,830.0874627704687,3
322,4,NORMAL,27.899307593898925,33.04395912449996,830.2868064547142,10
424,3,NORMAL,120.97823062766605,64.01375248097526,830.4725560817287,18
581,5,NORMAL,5.051110652660782,8.120102089885677,834.5723716832582,2
332,2,NORMAL,99.09448563475087,68.35995017381384,838.2763223413281,22
376,5,PRIORITY,23.59210129775653,34.950954582752104,839.3767765773134,13
518,7,NORMAL,80.76839669955234,31.844171952383704,839.4510322333333,10
197,3,NORMAL,2.1884745085424697,7.373943415877363,839.483794695389,3
425,8,NORMAL,93.18246698929073,46.913509427529675,840.1435640926923,14
611,3,NORMAL,7.863168205014972,12.702129310091095,840.8245500997165,5
17,9,NORMAL,25.582985261740504,27.569696153546616,841.2322627199279,9
222,4,NORMAL,29.24893989983019,29.763470807933913,841.9992483618214,10
230,5,NORMAL,35.296324670971444,50.312005274142905,842.1980812733532,14
647,1,NORMAL,3.1459766117856134,2.6561874007602455,842.5987289854799,1
46,9,NORMAL,35.78583889367732,35.32873166181559,844.1183288048353,12
430,8,NORMAL,51.99995085776982,56.2627602220806,844.3373781748536,18
400,4,NORMAL,56.900492722773436,8.785930181753827,845.1498247312489,4
374,2,NORMAL,199.30145827886787,68.86432414635289,848.1780272610398,20
624,2,PRIORITY,3.000601417819553,2.9551376907411395,848.753262738025,1
396,8,PRIORITY,22.24175375373244,32.0309346318391,848.8286958928695,12
634,1,PRIORITY,0.2276516580528778,2.8971172959530804,850.4941323577879,1
543,6,PRIORITY,19.76211042318539,26.788315324945415,853.7666645942114,10
349,4,NORMAL,45.9853441310928,20.161973404540674,854.291950682907,7
43,3,NORMAL,180.38117450174582,130.0587727469666,855.0165691635606,42
407,3,PRIORITY,19.049290693361854,28.382989637266462,855.0282006572611,8
514,6,NORMAL,55.629885442411705,17.5450137302023,855.817376973862,6
586,8,NORMAL,1.068316824395879,2.1461873881734164,856.4299033285505,1
462,3,NORMAL,57.638781097526476,36.70000518634936,858.8135269061272,11
214,8,NORMAL,170.0237894305139,70.10950429300283,859.422391784715,23
604,4,PRIORITY,18.027781869481487,36.418311097155424,861.7352339080945,13
575,2,NORMAL,16.169978974690594,20.318485122322272,864.133120570302,6
699,4,NORMAL,0.0,0.0,866.2641053411957,0
96,9,NORMAL,224.07609470949632,109.28155105900086,870.0304107155202,34
613,1,NORMAL,8.912193442371063,12.273336729860603,871.1453586681739,3
414,5,PRIORITY,10.189516141553838,10.293287468977894,871.3034938690748,5
510,8,NORMAL,57.26861390218005,31.326574236073725,871.4064333500618,9
305,6,NORMAL,74.9808956839612,37.11864130088054,872.3630179132874,11
608,3,NORMAL,4.798444984911271,9.336689341504439,874.052563060031,2
283,9,PRIORITY,8.950757687925602,9.5926346995833,874.3109652915102,4
628,2,PRIORITY,11.080384304978793,18.115047061171026,875.5603857084006,5
585,4,PRIORITY,11.698651302682606,27.09608771633168,877.2319486909709,9
290,4,NORMAL,12.547737756190259,21.99625514098267,877.5588233195533,7
732,5,NORMAL,0.0,0.0,879.1162299493475,0
479,2,NORMAL,28.92501533482738,26.62092585424915,879.4614062284885,8
639,4,NORMAL,17.450155903562177,23.685247169195236,882.1465397185875,10
161,5,PRIORITY,25.85253240700726,42.97512985019716,882.3889549546432,16
444,8,NORMAL,116.51126900524633,66.37231447727987,882.5625388752042,19
660,8,PRIORITY,0.3391517832582167,4.053194173170823,884.3276035572312,2
58,4,NORMAL,147.6171995920871,91.46684089720571,884.7026357874535,29
416,7,NORMAL,129.14068474430854,47.21919201534183,885.4425057192544,13
359,4,NORMAL,44.83523540173019,22.565094540158782,887.4949198853215,8
168,4,PRIORITY,15.00891663508321,26.608565638125242,889.1355314035613,10
54,5,NORMAL,86.75248691568964,50.86403568082683,890.5022386663152,16
653,3,NORMAL,0.0,0.0,892.8852315166445,0
488,4,PRIORITY,13.832887627981336,17.373142785566415,894.1327979086927,4
150,5,NORMAL,81.55006457548004,44.5507762786236,894.2156810851621,15
573,9,NORMAL,11.34117515636683,25.639016499341892,894.8997946090751,7
426,6,NORMAL,12.610975926063304,17.43128627256084,895.4029533260996,5
637,2,NORMAL,0.0,0.0,895.9193012471183,0
621,2,PRIORITY,9.087323758643947,16.95863701331382,896.8600477523464,7
552,9,NORMAL,51.77446581535855,14.078124310159183,898.4557767043492,5
269,2,PRIORITY,0.0,3.3800963826384987,900.7843900458595,2
293,7,NORMAL,2.472584142103983,2.5722606233657643,905.1111202688952,1
536,7,NORMAL,58.30405348756494,10.665997545777827,905.2865522352793,3
33,4,NORMAL,269.5548836265433,108.52809622652279,907.0937789829665,37
319,3,NORMAL,127.79083078416318,55.878414140492,909.1970476114656,18
110,5,NORMAL,75.98997443945973,95.65799122939713,909.7838277833474,28
649,2,NORMAL,0.0,0.0,910.1920741917543,0
650,5,PRIORITY,0.0,0.0,911.0210827190308,0
437,3,NORMAL,39.64156023116499,43.6697132907201,912.5470997373806,12
751,4,NORMAL,1.6934380917912222,3.264622743131895,912.563250025672,1
625,5,NORMAL,0.0,0.0,914.2975706838073,0
441,3,NORMAL,93.88556714173836,72.4948847803729,914.4443349916475,24
350,7,NORMAL,190.82514881948617,109.08725217198395,916.8290919203405,33
688,4,NORMAL,0.0,0.0,921.1468235321807,0
645,4,NORMAL,9.691061525784335,16.263696711866032,922.5473725774037,5
610,8,NORMAL,8.921704407841958,12.61483875411318,922.6661684557185,4
623,7,NORMAL,0.0,0.0,923.6765875783885,0
597,8,NORMAL,0.0,0.0,925.233143575917,0
460,4,NORMAL,139.71794866569604,39.89221091284054,925.9913436108243,14
287,9,NORMAL,0.0,2.3852100548731414,932.0315916113716,1
553,4,PRIORITY,19.290335360168456,23.696634830300127,932.7754655769459,6
602,9,NORMAL,17.185828583159832,17.119491126676735,933.304188829431,5
656,3,NORMAL,3.0622688500156983,4.158169855902884,935.2650117804614,2
34,7,NORMAL,45.00851526135969,41.489725356916864,935.341409727323,15
626,9,NORMAL,3.4191321070388767,6.212066282617002,937.4215626228714,2
638,6,PRIORITY,0.0,0.0,938.8169786776974,0
755,5,NORMAL,2.0028212707999273,1.9154740746205334,939.0951245832015,1
717,5,PRIORITY,1.450401001982982,2.444618475597622,939.6533058485744,1
565,8,NORMAL,38.40353853405668,7.101458916953561,939.6964829196218,2
474,9,NORMAL,88.33186722410579,39.56984499752053,940.5171521389253,13
721,8,NORMAL,7.332001014685261,10.256867023304494,941.0356067730527,2
352,9,PRIORITY,8.090155170922742,11.201996802679275,942.4354297768969,3
673,1,NORMAL,2.4020524127404315,5.350714973803065,944.8898645642647,2
538,9,NORMAL,27.62998334036604,27.412105350714228,945.9849723574183,7
346,3,NORMAL,17.138408309318834,32.70500608519882,948.9594504725013,10
690,1,NORMAL,0.0,0.0,950.4977173257156,0
132,7,NORMAL,19.71263243325373,27.437610719789575,951.7765837028295,7
672,1,NORMAL,2.253052643227079,3.321001415988917,952.8971449661536,1
677,2,NORMAL,0.0,0.0,954.4282764672448,0
668,3,NORMAL,4.087900229006436,3.869012315230975,955.3798248668586,2
729,4,PRIORITY,0.48922511699743154,1.8292648281573065,956.9302686891673,1
445,8,NORMAL,38.262276803579255,39.95138800793836,960.1893358849161,12
428,1,NORMAL,14.202292665604546,19.38023374037823,960.413189705329,7
615,9,NORMAL,3.1333137165860308,5.559021153514777,966.4010078153592,1
584,6,NORMAL,36.8440229233413,4.193663146902736,966.542565024642,2
334,7,PRIORITY,37.37616838954051,53.14375771472402,967.2385522523391,19
636,6,NORMAL,0.0,0.0,967.9314122359291,0
716,2,NORMAL,4.187325089472665,5.3378819312611085,968.0417879062682,2
718,3,NORMAL,1.9104170496676716,2.336745698394566,971.286792025268,1
681,2,NORMAL,7.548895549295025,9.470019022221663,972.3802784568319,4
667,3,NORMAL,5.4445607181102105,9.40636025783897,972.6537987561927,3
696,3,NORMAL,0.36034319432076245,2.5897081681013105,973.3606439228931,1
358,2,PRIORITY,48.90933067802371,68.19186089941849,975.5488846047556,24
420,9,NORMAL,27.55152491201727,30.888074593100782,975.6797791637865,8
665,7,NORMAL,3.119771927553984,3.4481662644298012,978.586291656801,2
240,8,NORMAL,150.19117991194116,69.57396816395868,978.8853866235531,20
707,4,NORMAL,0.0,0.0,981.806293974239,0
715,5,PRIORITY,5.205873252941501,11.371407951634069,982.6548767208391,5
285,3,NORMAL,16.39812869936486,17.97784065104929,985.0225153634444,5
695,6,NORMAL,10.12042561971748,17.312908821186397,986.9798654496358,5
616,7,NORMAL,16.042422589779676,27.875674087729067,989.5131904293393,9
454,5,NORMAL,11.53013263712694,19.095918792577322,994.0711696082142,7
23,5,NORMAL,163.1941650957764,45.48668542596819,996.4341776155806,15
757,5,NORMAL,1.0526710657436524,5.869056462249318,996.9839718983447,2
652,9,PRIORITY,0.22279266873692904,1.6133178165709978,997.2503146722557,1
700,9,NORMAL,6.888920062246825,9.732897206318057,998.2468137223098,3
104,4,PRIORITY,43.3943483329449,83.25513399567237,999.2474493191347,29
112,7,NORMAL,28.699576800867845,41.47842120494627,999.3768493526986,14
728,5,PRIORITY,0.0,0.0,1000.2177858704332,0
191,5,NORMAL,108.11510819491383,75.01178277633713,1003.817561546624,25
419,3,NORMAL,117.7171760206657,43.69609234537745,1008.2684544113195,15
276,4,PRIORITY,39.501252509600704,60.66918100145165,1008.7128766067633,23
411,9,NORMAL,59.25709352021505,27.772501178678283,1011.3415652404608,9
520,5,NORMAL,10.258620113254892,12.733122081604506,1011.5139862472736,5
754,1,NORMAL,0.0,0.0,1012.4356233965182,0
654,8,NORMAL,1.641868445765681,1.7230890552621076,1014.6749892898267,1
746,1,NORMAL,0.04689824019681055,3.0639444610867486,1015.7486922759665,1
330,7,NORMAL,52.481387705823124,72.99346767156067,1019.7310859947856,23
223,5,NORMAL,58.5634421676539,34.764335690189284,1021.357455466483,9
691,7,NORMAL,3.638495370689725,2.440873824032451,1022.2811607250868,1
679,9,NORMAL,0.0,0.0,1023.4817201557033,0
619,8,NORMAL,23.406467421523644,20.507895370483425,1023.6148581085207,7
694,6,NORMAL,2.8091054782405536,4.285686067205688,1024.6185959335285,1
401,7,NORMAL,96.35851823845212,54.26102738397242,1026.0531131929376,17
740,9,NORMAL,0.0,0.0,1031.4824443998912,0
478,6,NORMAL,8.615290311825731,10.023998155269794,1031.905773883084,4
659,5,PRIORITY,8.255972370463041,13.305702148380533,1033.540801690586,3
736,4,PRIORITY,1.160130374678829,3.8658872451007937,1033.748543256904,2
724,6,NORMAL,16.273767246815282,19.17715941773588,1035.0382770394867,5
484,2,PRIORITY,23.008564940753445,47.00638815760931,1038.3482777763397,16
384,6,NORMAL,61.385685733559,41.53527772847343,1049.3320670931762,13
435,9,PRIORITY,11.075152899638624,15.087891556130671,1052.2033640423351,3
531,9,NORMAL,82.4830580572658,36.98421400668292,1057.3745311019838,13
117,6,PRIORITY,23.90836851214067,40.45587284954067,1057.474887902731,15
723,8,PRIORITY,5.971835400702503,10.59683785848165,1058.442224582525,4
44,6,PRIORITY,69.66849348018332,109.26749062061646,1063.6461548234563,37
549,6,NORMAL,15.765717994552233,18.9022849874583,1068.3992777484245,5
386,8,PRIORITY,49.59802290051721,67.69214235348255,1082.461846998961,21
173,5,NORMAL,64.2037314438926,8.804377003248987,1088.0387520097854,3
42,9,PRIORITY,61.69999030333025,103.7521154097058,1088.9609990922334,36
711,9,PRIORITY,1.9756444343307749,2.5876087639888965,1089.9789886229355,1
519,5,NORMAL,32.54421760557966,34.9919788858349,1090.088244845807,13
260,8,NORMAL,12.078540060901673,11.58661851034799,1100.6081897322467,4
763,7,NORMAL,0.0,0.0,1104.5928173791133,0
311,7,PRIORITY,52.32150210567784,88.70234363139718,1115.8588320981767,32
244,8,NORMAL,15.707990216348577,21.640002982057524,1116.3271959022059,8
750,9,NORMAL,2.7101144022140033,5.019028702526839,1121.9341354126984,3
737,8,PRIORITY,0.0,0.0,1127.2874929686498,0
748,7,NORMAL,4.227247604167701,5.860691814851293,1128.6174625747,3
710,9,NORMAL,18.882799719761806,26.87772299832534,1139.8767160443726,11
498,9,PRIORITY,20.285191215903183,22.702299362608414,1146.3177489461941,9
495,7,NORMAL,22.42060036200712,28.05260094304208,1146.580790493816,8
